,State,Abbreviation,County,avg_aqi,Pop_Estimate,Per capita personal income 2018
0,Alabama,AL,Baldwin,36.83,"218,022","45,596"
1,Alabama,AL,Clay,28.99,"13,275","33,530"
2,Alabama,AL,Colbert,35.64,"54,762","38,378"
3,Alabama,AL,DeKalb,36.72,"71,385","31,916"
4,Alabama,AL,Elmore,35.33,"81,887","42,269"
5,Alabama,AL,Etowah,42.91,"102,501","36,918"
6,Alabama,AL,Houston,35.73,"104,722","42,398"
7,Alabama,AL,Jefferson,53.77,"659,300","54,730"
8,Alabama,AL,Lawrence,25.65,"32,957","34,125"
9,Alabama,AL,Madison,41.77,"366,519","51,445"
10,Alabama,AL,Mobile,38.33,"413,757","38,243"
11,Alabama,AL,Montgomery,50.13,"225,763","43,688"
12,Alabama,AL,Morgan,38.52,"119,089","39,991"
13,Alabama,AL,Russell,39.73,"57,781","33,104"
14,Alabama,AL,Shelby,28.21,"215,707","54,369"
15,Alabama,AL,Sumter,28.48,"12,691","31,664"
16,Alabama,AL,Tuscaloosa,38.54,"208,911","38,822"
17,Arizona,AZ,Apache,14.4,"71,818","34,355"
18,Arizona,AZ,Cochise,46.23,"126,770","40,308"
19,Arizona,AZ,Coconino,51.67,"142,854","48,129"
20,Arizona,AZ,Gila,75.02,"53,889","40,267"
21,Arizona,AZ,La Paz,47.89,"21,098","30,948"
22,Arizona,AZ,Maricopa,76.82,"4,410,824","47,694"
23,Arizona,AZ,Mohave,18.66,"209,550","33,148"
24,Arizona,AZ,Navajo,47.97,"110,445","32,165"
25,Arizona,AZ,Pima,55.18,"1,039,073","44,028"
26,Arizona,AZ,Pinal,82.53,"447,138","30,644"
27,Arizona,AZ,Santa Cruz,35.7,"46,511","39,057"
28,Arizona,AZ,Yavapai,45.1,"231,993","40,312"
29,Arizona,AZ,Yuma,51.41,"212,128","35,682"
30,Arkansas,AR,Arkansas,33.49,"3,013,825","43,233"
31,Arkansas,AR,Arkansas,33.49,"3,013,825","45,290"
32,Arkansas,AR,Arkansas,33.49,"17,769","43,233"
33,Arkansas,AR,Arkansas,33.49,"17,769","45,290"
34,Arkansas,AR,Ashley,32.55,"20,046","34,813"
35,Arkansas,AR,Clark,33.04,"22,061","36,314"
36,Arkansas,AR,Craighead,35.58,"108,558","37,531"
37,Arkansas,AR,Crittenden,42.02,"48,342","36,978"
38,Arkansas,AR,Garland,33.84,"99,154","40,004"
39,Arkansas,AR,Jackson,32.16,"16,811","35,880"
40,Arkansas,AR,Newton,36.84,"7,805","28,808"
41,Arkansas,AR,Polk,39.46,"20,049","30,751"
42,Arkansas,AR,Pulaski,44.85,"392,680","51,185"
43,Arkansas,AR,Union,39.67,"39,126","46,474"
44,Arkansas,AR,Washington,44.19,"236,961","40,247"
45,California,CA,Alameda,56.44,"1,666,753","76,644"
46,California,CA,Amador,43.42,"39,383","44,793"
47,California,CA,Butte,68.45,"231,256","44,346"
48,California,CA,Calaveras,58.34,"45,602","49,893"
49,California,CA,Colusa,52.62,"21,627","49,094"
50,California,CA,Contra Costa,53.96,"1,150,215","82,506"
51,California,CA,Del Norte,27.27,"27,828","37,268"
52,California,CA,El Dorado,57.98,"190,678","67,464"
53,California,CA,Fresno,80.74,"994,400","43,084"
54,California,CA,Glenn,43.22,"28,047","48,613"
55,California,CA,Humboldt,37.24,"136,373","48,739"
56,California,CA,Imperial,69.82,"181,827","36,974"
57,California,CA,Inyo,61.65,"17,987","61,358"
58,California,CA,Kern,89.56,"896,764","39,703"
59,California,CA,Kings,73.99,"151,366","35,306"
60,California,CA,Lake,34.51,"64,382","43,185"
61,California,CA,Los Angeles,85.42,"10,105,518","62,224"
62,California,CA,Madera,62.43,"157,672","39,897"
63,California,CA,Marin,42.81,"259,666","134,275"
64,California,CA,Mariposa,65.76,"17,471","53,143"
65,California,CA,Mendocino,45.34,"87,606","50,150"
66,California,CA,Merced,61.52,"274,765","38,519"
67,California,CA,Mono,41.96,"14,250","51,325"
68,California,CA,Monterey,41.18,"435,594","56,193"
69,California,CA,Napa,45.22,"139,417","74,984"
70,California,CA,Nevada,54.27,"99,696","61,799"
71,California,CA,Orange,56.04,"3,185,968","69,268"
72,California,CA,Placer,66.78,"393,149","66,700"
73,California,CA,Plumas,43.68,"18,804","53,599"
74,California,CA,Riverside,93.89,"2,450,758","40,637"
75,California,CA,Sacramento,64.7,"1,540,975","52,544"
76,California,CA,San Benito,45.02,"61,537","53,822"
77,California,CA,San Bernardino,98.58,"2,171,603","40,316"
78,California,CA,San Diego,69.17,"3,343,364","61,386"
79,California,CA,San Francisco,44.3,"883,305","130,696"
80,California,CA,San Joaquin,63.9,"752,660","44,995"
81,California,CA,San Luis Obispo,52.69,"284,010","58,491"
82,California,CA,San Mateo,42.42,"769,545","126,392"
83,California,CA,Santa Barbara,49.23,"446,527","62,690"
84,California,CA,Santa Clara,51.73,"1,937,570","107,877"
85,California,CA,Santa Cruz,39.75,"274,255","69,355"
86,California,CA,Shasta,51.15,"180,040","46,582"
87,California,CA,Siskiyou,53.4,"43,724","45,065"
88,California,CA,Solano,48.9,"446,610","51,664"
89,California,CA,Sonoma,41.54,"499,942","64,501"
90,California,CA,Stanislaus,66.04,"549,815","44,120"
91,California,CA,Sutter,62.87,"96,807","44,535"
92,California,CA,Tehama,53.37,"63,916","42,483"
93,California,CA,Trinity,49.33,"12,535","40,640"
94,California,CA,Tulare,85.6,"465,861","40,420"
95,California,CA,Tuolumne,48.88,"54,539","47,838"
96,California,CA,Ventura,57.43,"850,967","61,712"
97,California,CA,Yolo,49.28,"220,408","54,118"
98,Colorado,CO,Adams,51.82,"511,868","43,315"
99,Colorado,CO,Alamosa,21.14,"16,683","37,351"
100,Colorado,CO,Arapahoe,53.75,"651,215","60,180"
101,Colorado,CO,Archuleta,38.81,"13,765","41,947"
102,Colorado,CO,Boulder,54.29,"326,078","73,394"
103,Colorado,CO,Chaffee,61.66,"20,027","46,998"
104,Colorado,CO,Clear Creek,63.29,"9,605","61,300"
105,Colorado,CO,Delta,35.19,"30,953","38,855"
106,Colorado,CO,Denver,55.6,"716,492","79,849"
107,Colorado,CO,Douglas,56.14,"342,776","73,662"
108,Colorado,CO,El Paso,52.07,"713,856","48,467"
109,Colorado,CO,Fremont,14.1,"48,021","35,435"
110,Colorado,CO,Garfield,56.72,"59,770","59,653"
111,Colorado,CO,Grand,50.9,"15,525","49,845"
112,Colorado,CO,Gunnison,53.1,"17,246","47,149"
113,Colorado,CO,Jackson,10.02,"1,399","49,723"
114,Colorado,CO,Jefferson,57.47,"580,233","63,536"
115,Colorado,CO,La Plata,54.16,"56,310","55,807"
116,Colorado,CO,Larimer,60.21,"350,518","54,188"
117,Colorado,CO,Mesa,51.19,"153,207","44,935"
118,Colorado,CO,Moffat,43.77,"13,188","42,130"
119,Colorado,CO,Montezuma,48.9,"26,158","42,998"
120,Colorado,CO,Montrose,43.24,"42,214","39,930"
121,Colorado,CO,Park,60.75,"18,556","45,113"
122,Colorado,CO,Pitkin,15.14,"17,950","149,207"
123,Colorado,CO,Prowers,18.17,"12,164","42,259"
124,Colorado,CO,Pueblo,25.3,"167,529","39,511"
125,Colorado,CO,Rio Blanco,48.83,"6,336","46,809"
126,Colorado,CO,Routt,16.75,"25,733","83,702"
127,Colorado,CO,San Juan,12.59,762,"44,029"
128,Colorado,CO,San Miguel,45.01,"8,191","85,432"
129,Colorado,CO,Teller,63.67,"25,083","49,197"
130,Colorado,CO,Weld,56.1,"314,305","46,172"
131,Connecticut,CT,Fairfield,47.9,"943,823","120,630"
132,Connecticut,CT,Hartford,40.59,"892,697","64,853"
133,Connecticut,CT,Litchfield,38.45,"181,111","64,949"
134,Connecticut,CT,Middlesex,43.88,"162,682","68,673"
135,Connecticut,CT,New Haven,45.51,"857,620","56,650"
136,Connecticut,CT,New London,36.99,"266,784","59,264"
137,Connecticut,CT,Tolland,39.62,"150,921","56,614"
138,Connecticut,CT,Windham,36.7,"117,027","47,264"
139,Delaware,DE,Kent,40.3,"178,550","42,023"
140,Delaware,DE,New Castle,45.65,"559,335","56,745"
141,Delaware,DE,Sussex,41.5,"229,286","50,333"
142,Florida,FL,Alachua,34.77,"269,956","44,390"
143,Florida,FL,Baker,32.85,"28,355","32,313"
144,Florida,FL,Bay,39.94,"185,287","43,231"
145,Florida,FL,Brevard,38.73,"596,849","45,425"
146,Florida,FL,Broward,42.62,"1,951,260","50,269"
147,Florida,FL,Citrus,34.09,"147,929","37,920"
148,Florida,FL,Collier,38.21,"378,488","92,686"
149,Florida,FL,Columbia,37.16,"70,503","35,074"
150,Florida,FL,Duval,44.82,"950,181","46,174"
151,Florida,FL,Escambia,39.06,"315,534","42,537"
152,Florida,FL,Flagler,33.39,"112,067","46,220"
153,Florida,FL,Hamilton,29.97,"14,310","26,016"
154,Florida,FL,Highlands,33.43,"105,424","33,453"
155,Florida,FL,Hillsborough,45.82,"1,436,888","47,000"
156,Florida,FL,Holmes,37.84,"19,477","30,468"
157,Florida,FL,Indian River,37.55,"157,413","76,059"
158,Florida,FL,Lake,36.06,"356,495","42,190"
159,Florida,FL,Lee,38.19,"754,610","51,266"
160,Florida,FL,Leon,38.75,"292,502","44,482"
161,Florida,FL,Liberty,32.8,"8,457","23,582"
162,Florida,FL,Manatee,37.19,"394,855","47,378"
163,Florida,FL,Marion,37.55,"359,977","36,997"
164,Florida,FL,Martin,38.26,"160,912","83,873"
165,Florida,FL,Miami-Dade,42.96,"2,761,581","50,022"
166,Florida,FL,Nassau,28.99,"85,832","57,877"
167,Florida,FL,Okaloosa,35.45,"207,269","48,875"
168,Florida,FL,Orange,37.83,"1,380,645","44,647"
169,Florida,FL,Osceola,36.46,"367,990","33,346"
170,Florida,FL,Palm Beach,39.58,"1,485,941","79,760"
171,Florida,FL,Pasco,38.08,"539,630","40,313"
172,Florida,FL,Pinellas,41.11,"975,280","53,455"
173,Florida,FL,Polk,38.19,"708,009","35,463"
174,Florida,FL,Putnam,13.87,"74,163","31,773"
175,Florida,FL,Santa Rosa,39.72,"179,349","44,527"
176,Florida,FL,Sarasota,40.3,"426,718","64,868"
177,Florida,FL,Seminole,37.82,"467,832","49,049"
178,Florida,FL,St. Lucie,35.21,"321,128","39,374"
179,Florida,FL,Volusia,38.03,"547,538","42,374"
180,Florida,FL,Wakulla,36.64,"32,461","37,026"
181,Georgia,GA,Bibb,36.75,"153,095","41,709"
182,Georgia,GA,Charlton,21.96,"12,968","24,976"
183,Georgia,GA,Chatham,38.46,"289,195","47,563"
184,Georgia,GA,Chattooga,36.47,"24,790","30,946"
185,Georgia,GA,Clarke,40.14,"127,330","33,970"
186,Georgia,GA,Clayton,33.73,"289,615","28,020"
187,Georgia,GA,Cobb,40.3,"756,865","57,162"
188,Georgia,GA,Coffee,24.34,"43,093","32,644"
189,Georgia,GA,Columbia,37.39,"154,291","49,473"
190,Georgia,GA,Dawson,36.91,"25,083","45,201"
191,Georgia,GA,DeKalb,41.84,"756,558","50,871"
192,Georgia,GA,Dougherty,33.93,"91,243","34,744"
193,Georgia,GA,Douglas,38.17,"145,331","35,230"
194,Georgia,GA,Floyd,41.41,"97,927","38,524"
195,Georgia,GA,Fulton,46.81,"1,050,114","84,386"
196,Georgia,GA,Glynn,34.61,"85,219","46,073"
197,Georgia,GA,Gwinnett,43.86,"927,781","41,458"
198,Georgia,GA,Hall,32.23,"202,148","43,701"
199,Georgia,GA,Henry,36.05,"230,220","39,184"
200,Georgia,GA,Houston,36.98,"155,469","42,625"
201,Georgia,GA,Lowndes,37.72,"116,321","37,443"
202,Georgia,GA,Murray,36.03,"39,921","29,968"
203,Georgia,GA,Muscogee,35.42,"194,160","44,149"
204,Georgia,GA,Pike,34.32,"18,634","39,851"
205,Georgia,GA,Richmond,42.53,"201,554","38,196"
206,Georgia,GA,Rockdale,39.73,"90,594","35,244"
207,Georgia,GA,Sumter,36.63,"29,733","35,847"
208,Georgia,GA,Walker,36.8,"69,410","32,826"
209,Georgia,GA,Washington,29.21,"20,386","35,296"
210,Hawaii,HI,Hawaii,99.55,"1,420,491","55,418"
211,Hawaii,HI,Hawaii,99.55,"1,420,491","42,449"
212,Hawaii,HI,Hawaii,99.55,"200,983","55,418"
213,Hawaii,HI,Hawaii,99.55,"200,983","42,449"
214,Hawaii,HI,Honolulu,30.11,"980,080","59,608"
215,Hawaii,HI,Kauai,15.79,"72,133","49,416"
216,Idaho,ID,Ada,44.08,"469,966","52,958"
217,Idaho,ID,Bannock,34.81,"87,138","38,160"
218,Idaho,ID,Benewah,46.73,"9,226","37,383"
219,Idaho,ID,Blaine,18.9,"22,601","113,780"
220,Idaho,ID,Boise,42.73,"7,634","43,392"
221,Idaho,ID,Bonner,35.33,"44,727","41,209"
222,Idaho,ID,Bonneville,31.62,"116,854","48,287"
223,Idaho,ID,Butte,42.41,"2,611","38,961"
224,Idaho,ID,Canyon,34.71,"223,499","32,680"
225,Idaho,ID,Caribou,6.5,"7,060","39,146"
226,Idaho,ID,Custer,11.23,"4,280","43,185"
227,Idaho,ID,Franklin,26.15,"13,726","36,064"
228,Idaho,ID,Idaho,42.38,"1,754,208","43,901"
229,Idaho,ID,Idaho,42.38,"1,754,208","35,122"
230,Idaho,ID,Idaho,42.38,"16,513","43,901"
231,Idaho,ID,Idaho,42.38,"16,513","35,122"
232,Idaho,ID,Jerome,24.31,"24,015","38,184"
233,Idaho,ID,Kootenai,34.46,"161,505","44,987"
234,Idaho,ID,Latah,17.11,"40,134","41,341"
235,Idaho,ID,Lemhi,34.98,"7,961","41,565"
236,Idaho,ID,Nez Perce,27.28,"40,408","44,397"
237,Idaho,ID,Shoshone,46.61,"12,796","35,537"
238,Idaho,ID,Twin Falls,33.24,"86,081","39,623"
239,Idaho,ID,Valley,28.42,"11,041","49,630"
240,Illinois,IL,Adams,36.54,"65,691","46,886"
241,Illinois,IL,Champaign,43.81,"209,983","45,328"
242,Illinois,IL,Clark,34.24,"15,596","43,012"
243,Illinois,IL,Cook,58.45,"5,180,493","62,205"
244,Illinois,IL,DuPage,47.56,"928,589","72,889"
245,Illinois,IL,Effingham,40.9,"34,208","50,599"
246,Illinois,IL,Hamilton,42.15,"8,163","43,349"
247,Illinois,IL,Jersey,43.29,"21,847","41,522"
248,Illinois,IL,Jo Daviess,35.2,"21,366","49,061"
249,Illinois,IL,Kane,39.97,"534,216","51,333"
250,Illinois,IL,Lake,38.58,"700,832","78,559"
251,Illinois,IL,Macon,53.1,"104,712","48,214"
252,Illinois,IL,Macoupin,29.4,"45,313","41,607"
253,Illinois,IL,Madison,49.05,"264,461","46,890"
254,Illinois,IL,McHenry,45.48,"308,570","55,720"
255,Illinois,IL,McLean,45.18,"172,828","49,180"
256,Illinois,IL,Monroe,3.47,"34,335","58,686"
257,Illinois,IL,Peoria,44.87,"180,621","51,135"
258,Illinois,IL,Randolph,41.17,"32,106","36,905"
259,Illinois,IL,Rock Island,41.26,"143,477","44,802"
260,Illinois,IL,Sangamon,45.05,"195,348","48,891"
261,Illinois,IL,Tazewell,1.98,"132,328","47,862"
262,Illinois,IL,Wabash,4.9,"11,549","43,571"
263,Illinois,IL,Will,43.94,"692,310","52,953"
264,Illinois,IL,Winnebago,37.47,"284,081","43,742"
265,Indiana,IN,Allen,46.07,"375,351","46,288"
266,Indiana,IN,Bartholomew,41.3,"82,753","49,922"
267,Indiana,IN,Boone,36.24,"66,999","73,531"
268,Indiana,IN,Brown,35.12,"15,234","46,785"
269,Indiana,IN,Carroll,33.91,"20,127","44,201"
270,Indiana,IN,Clark,38.71,"117,360","43,763"
271,Indiana,IN,Daviess,1.94,"33,147","42,064"
272,Indiana,IN,Delaware,36.63,"114,772","37,201"
273,Indiana,IN,Dubois,34.87,"42,565","56,488"
274,Indiana,IN,Elkhart,40.56,"205,560","46,816"
275,Indiana,IN,Floyd,35.03,"77,781","55,480"
276,Indiana,IN,Gibson,7.35,"33,452","45,385"
277,Indiana,IN,Greene,38.88,"32,006","39,840"
278,Indiana,IN,Hamilton,42.03,"330,086","74,717"
279,Indiana,IN,Hendricks,34.49,"167,009","49,641"
280,Indiana,IN,Henry,31.91,"48,271","38,336"
281,Indiana,IN,Howard,40.77,"82,366","41,842"
282,Indiana,IN,Huntington,32.89,"36,240","42,292"
283,Indiana,IN,Jackson,34.17,"44,111","42,722"
284,Indiana,IN,Knox,38.22,"36,895","44,626"
285,Indiana,IN,LaPorte,40.08,"110,007","42,527"
286,Indiana,IN,Lake,48.12,"484,411","45,172"
287,Indiana,IN,Madison,43.38,"129,641","38,172"
288,Indiana,IN,Marion,51.92,"954,670","51,940"
289,Indiana,IN,Monroe,37.67,"146,917","42,212"
290,Indiana,IN,Morgan,36.36,"70,116","44,183"
291,Indiana,IN,Perry,35.66,"19,102","37,851"
292,Indiana,IN,Pike,3.03,"12,410","40,714"
293,Indiana,IN,Porter,44.26,"169,594","53,130"
294,Indiana,IN,Posey,36.39,"25,540","48,180"
295,Indiana,IN,Shelby,36.29,"44,593","43,854"
296,Indiana,IN,Spencer,34.02,"20,327","43,971"
297,Indiana,IN,St. Joseph,46.05,"270,771","47,673"
298,Indiana,IN,Sullivan,35.35,"20,690","35,181"
299,Indiana,IN,Tippecanoe,34.86,"193,048","39,169"
300,Indiana,IN,Vanderburgh,43.22,"180,974","45,893"
301,Indiana,IN,Vigo,44.78,"107,386","38,970"
302,Indiana,IN,Wabash,38.41,"31,280","43,820"
303,Indiana,IN,Warrick,37.27,"62,567","56,476"
304,Indiana,IN,Whitley,32.59,"34,074","44,528"
305,Iowa,IA,Black Hawk,43.15,"132,408","44,764"
306,Iowa,IA,Bremer,39.27,"24,947","49,405"
307,Iowa,IA,Cerro Gordo,18.2,"42,647","53,342"
308,Iowa,IA,Clinton,45.2,"46,518","44,244"
309,Iowa,IA,Harrison,39.6,"14,134","44,895"
310,Iowa,IA,Johnson,38.41,"151,260","52,672"
311,Iowa,IA,Lee,36.13,"34,055","42,174"
312,Iowa,IA,Linn,44.6,"225,909","52,743"
313,Iowa,IA,Montgomery,40.53,"10,003","42,280"
314,Iowa,IA,Muscatine,41.88,"42,929","47,553"
315,Iowa,IA,Palo Alto,43.41,"8,929","53,056"
316,Iowa,IA,Polk,41.51,"487,204","53,215"
317,Iowa,IA,Pottawattamie,35.15,"93,533","45,604"
318,Iowa,IA,Scott,51.21,"173,283","54,323"
319,Iowa,IA,Van Buren,38.58,"7,020","41,378"
320,Iowa,IA,Woodbury,33.2,"102,539","43,988"
321,Kansas,KS,Chase,24.29,"2,629","46,385"
322,Kansas,KS,Ford,21.26,"33,888","38,962"
323,Kansas,KS,Johnson,38.8,"597,555","74,010"
324,Kansas,KS,Leavenworth,35.73,"81,352","42,851"
325,Kansas,KS,Neosho,38.92,"15,951","39,485"
326,Kansas,KS,Sedgwick,42.78,"513,607","53,776"
327,Kansas,KS,Shawnee,43.54,"177,499","46,861"
328,Kansas,KS,Sherman,16.08,"5,899","45,156"
329,Kansas,KS,Sumner,37.99,"22,996","40,027"
330,Kansas,KS,Trego,40.13,"2,793","50,889"
331,Kansas,KS,Wyandotte,45.02,"165,324","33,315"
332,Kentucky,KY,Bell,38.39,"26,569","29,612"
333,Kentucky,KY,Boone,39.28,"131,533","48,004"
334,Kentucky,KY,Boyd,38.38,"47,240","39,746"
335,Kentucky,KY,Bullitt,40.55,"81,069","40,935"
336,Kentucky,KY,Campbell,39.11,"93,152","49,015"
337,Kentucky,KY,Carter,34.39,"27,004","30,847"
338,Kentucky,KY,Christian,39.07,"71,671","37,742"
339,Kentucky,KY,Daviess,40.63,"101,104","41,754"
340,Kentucky,KY,Edmonson,39.83,"12,274","32,253"
341,Kentucky,KY,Fayette,40.44,"323,780","50,180"
342,Kentucky,KY,Greenup,25.33,"35,268","40,933"
343,Kentucky,KY,Hancock,38.13,"8,758","36,929"
344,Kentucky,KY,Hardin,42.34,"110,356","43,424"
345,Kentucky,KY,Henderson,47.37,"45,591","39,891"
346,Kentucky,KY,Jefferson,50.55,"770,517","51,937"
347,Kentucky,KY,Jessamine,26.78,"53,920","43,470"
348,Kentucky,KY,Livingston,38.81,"9,242","37,792"
349,Kentucky,KY,McCracken,42.68,"65,346","48,383"
350,Kentucky,KY,Morgan,35.73,"13,345","26,831"
351,Kentucky,KY,Oldham,40.04,"66,470","63,039"
352,Kentucky,KY,Perry,39.44,"26,092","38,523"
353,Kentucky,KY,Pike,35.36,"58,402","36,319"
354,Kentucky,KY,Pulaski,37.62,"64,623","37,024"
355,Kentucky,KY,Simpson,40.0,"18,529","38,189"
356,Kentucky,KY,Trigg,36.38,"14,643","36,495"
357,Kentucky,KY,Warren,40.08,"131,264","38,045"
358,Kentucky,KY,Washington,36.5,"12,084","37,824"
359,Maine,ME,Androscoggin,31.3,"107,679","41,528"
360,Maine,ME,Aroostook,38.7,"67,111","41,241"
361,Maine,ME,Cumberland,38.59,"293,557","62,523"
362,Maine,ME,Hancock,38.06,"54,811","51,259"
363,Maine,ME,Kennebec,27.84,"122,083","44,940"
364,Maine,ME,Knox,36.48,"39,771","52,358"
365,Maine,ME,Oxford,34.93,"57,618","37,999"
366,Maine,ME,Penobscot,33.06,"151,096","42,053"
367,Maine,ME,Washington,35.78,"31,490","40,378"
368,Maine,ME,York,40.55,"206,229","52,068"
369,Maryland,MD,Allegany,27.54,"70,975","40,517"
370,Maryland,MD,Anne Arundel,35.84,"576,031","67,363"
371,Maryland,MD,Baltimore,44.59,"828,431","61,556"
372,Maryland,MD,Calvert,41.12,"92,003","62,591"
373,Maryland,MD,Carroll,42.29,"168,429","63,039"
374,Maryland,MD,Cecil,42.66,"102,826","47,695"
375,Maryland,MD,Charles,40.53,"161,503","57,051"
376,Maryland,MD,Dorchester,40.71,"31,998","46,562"
377,Maryland,MD,Frederick,41.94,"255,648","61,869"
378,Maryland,MD,Garrett,38.62,"29,163","45,595"
379,Maryland,MD,Harford,41.22,"253,956","58,841"
380,Maryland,MD,Howard,37.27,"323,196","78,416"
381,Maryland,MD,Kent,39.3,"19,383","61,497"
382,Maryland,MD,Montgomery,42.05,"1,052,567","89,690"
383,Maryland,MD,Prince George's,43.95,"909,308","49,420"
384,Maryland,MD,Washington,39.41,"150,926","47,092"
385,Massachusetts,MA,Barnstable,37.79,"213,413","74,756"
386,Massachusetts,MA,Berkshire,35.7,"126,348","56,503"
387,Massachusetts,MA,Bristol,42.98,"564,022","54,089"
388,Massachusetts,MA,Dukes,38.79,"17,352","93,726"
389,Massachusetts,MA,Essex,40.05,"790,638","67,507"
390,Massachusetts,MA,Franklin,36.64,"70,963","54,689"
391,Massachusetts,MA,Hampden,40.48,"470,406","51,187"
392,Massachusetts,MA,Hampshire,38.4,"161,355","52,984"
393,Massachusetts,MA,Middlesex,36.94,"1,614,714","83,795"
394,Massachusetts,MA,Norfolk,33.79,"705,388","92,285"
395,Massachusetts,MA,Plymouth,38.04,"518,132","67,505"
396,Massachusetts,MA,Suffolk,45.53,"807,252","81,152"
397,Massachusetts,MA,Worcester,39.96,"830,839","57,003"
398,Michigan,MI,Allegan,42.2,"117,327","45,182"
399,Michigan,MI,Bay,30.63,"103,923","41,722"
400,Michigan,MI,Benzie,39.68,"17,753","43,557"
401,Michigan,MI,Berrien,43.09,"154,141","47,430"
402,Michigan,MI,Cass,43.28,"51,653","44,994"
403,Michigan,MI,Chippewa,35.73,"37,517","34,269"
404,Michigan,MI,Clinton,41.19,"79,332","46,518"
405,Michigan,MI,Genesee,40.78,"406,892","41,068"
406,Michigan,MI,Huron,40.52,"31,166","45,425"
407,Michigan,MI,Ingham,39.47,"292,735","40,761"
408,Michigan,MI,Kalamazoo,41.34,"264,870","48,723"
409,Michigan,MI,Kent,41.13,"653,786","53,935"
410,Michigan,MI,Keweenaw,12.89,"2,113","47,618"
411,Michigan,MI,Lenawee,41.44,"98,266","39,600"
412,Michigan,MI,Macomb,42.29,"874,759","46,530"
413,Michigan,MI,Manistee,34.74,"24,528","38,814"
414,Michigan,MI,Mason,37.9,"29,100","41,667"
415,Michigan,MI,Missaukee,37.71,"15,113","34,972"
416,Michigan,MI,Monroe,3.38,"150,439","47,496"
417,Michigan,MI,Muskegon,43.21,"173,588","39,072"
418,Michigan,MI,Oakland,43.13,"1,259,201","72,741"
419,Michigan,MI,Ottawa,32.95,"290,494","49,418"
420,Michigan,MI,Schoolcraft,33.01,"8,068","39,948"
421,Michigan,MI,St. Clair,42.49,"159,337","44,316"
422,Michigan,MI,Tuscola,36.43,"52,516","37,979"
423,Michigan,MI,Washtenaw,43.59,"370,963","59,363"
424,Michigan,MI,Wayne,53.98,"1,753,893","42,942"
425,Michigan,MI,Wexford,37.05,"33,466","36,454"
426,Minnesota,MN,Anoka,42.15,"353,813","51,258"
427,Minnesota,MN,Becker,32.97,"34,371","47,272"
428,Minnesota,MN,Beltrami,25.32,"46,847","41,565"
429,Minnesota,MN,Carlton,28.14,"35,837","43,098"
430,Minnesota,MN,Cass,26.0,"29,519","47,443"
431,Minnesota,MN,Cook,19.71,"5,393","55,319"
432,Minnesota,MN,Crow Wing,30.64,"64,889","45,610"
433,Minnesota,MN,Dakota,33.86,"425,423","60,651"
434,Minnesota,MN,Goodhue,37.95,"46,403","53,549"
435,Minnesota,MN,Hennepin,44.96,"1,259,428","74,698"
436,Minnesota,MN,Lake,32.03,"10,658","48,132"
437,Minnesota,MN,Lyon,32.45,"25,629","49,455"
438,Minnesota,MN,Mille Lacs,32.97,"26,139","41,582"
439,Minnesota,MN,Olmsted,38.73,"156,277","58,554"
440,Minnesota,MN,Ramsey,36.24,"550,210","54,934"
441,Minnesota,MN,Scott,36.83,"147,381","59,687"
442,Minnesota,MN,Stearns,35.43,"159,256","47,196"
443,Minnesota,MN,Washington,45.92,"259,201","67,928"
444,Minnesota,MN,Winona,23.83,"50,825","50,036"
445,Minnesota,MN,Wright,38.3,"136,349","50,181"
446,Mississippi,MS,Bolivar,43.69,"31,333","38,213"
447,Mississippi,MS,DeSoto,41.41,"182,001","40,702"
448,Mississippi,MS,Forrest,38.45,"75,036","38,880"
449,Mississippi,MS,Grenada,28.79,"21,055","35,632"
450,Mississippi,MS,Hancock,37.5,"47,334","35,262"
451,Mississippi,MS,Harrison,40.62,"206,650","37,303"
452,Mississippi,MS,Hinds,45.92,"237,085","39,311"
453,Mississippi,MS,Jackson,40.53,"143,277","37,499"
454,Mississippi,MS,Lauderdale,38.22,"75,317","37,959"
455,Mississippi,MS,Lee,36.92,"85,202","41,934"
456,Mississippi,MS,Yalobusha,30.39,"12,392","36,729"
457,Missouri,MO,Andrew,45.05,"17,607","45,118"
458,Missouri,MO,Boone,40.89,"180,005","47,687"
459,Missouri,MO,Buchanan,37.25,"88,571","39,810"
460,Missouri,MO,Callaway,41.42,"44,889","38,686"
461,Missouri,MO,Cass,38.7,"104,954","47,151"
462,Missouri,MO,Cedar,38.4,"14,165","31,664"
463,Missouri,MO,Clay,40.93,"246,365","48,381"
464,Missouri,MO,Clinton,44.42,"20,470","42,988"
465,Missouri,MO,Franklin,6.37,"103,670","45,719"
466,Missouri,MO,Greene,38.9,"291,923","44,837"
467,Missouri,MO,Iron,22.7,"10,177","34,164"
468,Missouri,MO,Jackson,37.1,"700,307","47,054"
469,Missouri,MO,Jasper,35.53,"120,636","39,973"
470,Missouri,MO,Jefferson,37.61,"224,347","42,780"
471,Missouri,MO,Lincoln,43.76,"57,686","40,788"
472,Missouri,MO,Monroe,36.42,"8,664","42,672"
473,Missouri,MO,New Madrid,37.59,"17,296","33,869"
474,Missouri,MO,Perry,42.09,"19,150","41,321"
475,Missouri,MO,Stoddard,27.32,"29,206","37,020"
476,Missouri,MO,Taney,24.39,"55,852","35,956"
477,Montana,MT,Cascade,28.35,"81,643","47,518"
478,Montana,MT,Fergus,41.64,"11,113","43,808"
479,Montana,MT,Flathead,46.68,"102,106","47,331"
480,Montana,MT,Gallatin,29.85,"111,876","54,734"
481,Montana,MT,Lake,15.47,"30,250","39,365"
482,Montana,MT,Lewis and Clark,46.74,"68,700","48,562"
483,Montana,MT,Lincoln,49.75,"19,794","35,432"
484,Montana,MT,Missoula,51.33,"118,791","49,492"
485,Montana,MT,Phillips,38.05,"4,074","39,172"
486,Montana,MT,Powder River,41.18,"1,716","32,479"
487,Montana,MT,Powell,15.57,"6,968","39,771"
488,Montana,MT,Ravalli,23.87,"43,172","44,602"
489,Montana,MT,Richland,40.75,"10,913","61,217"
490,Montana,MT,Roosevelt,20.01,"11,059","34,794"
491,Montana,MT,Rosebud,39.04,"9,063","42,250"
492,Montana,MT,Sanders,34.95,"11,844","34,896"
493,Montana,MT,Sheridan,19.72,"3,424","52,541"
494,Montana,MT,Silver Bow,26.04,"34,993","48,939"
495,Montana,MT,Yellowstone,31.57,"160,137","52,340"
496,Nebraska,NE,Cass,16.91,"26,159","53,602"
497,Nebraska,NE,Douglas,44.56,"566,880","63,435"
498,Nebraska,NE,Hall,25.25,"61,607","43,625"
499,Nebraska,NE,Knox,35.9,"8,419","48,268"
500,Nebraska,NE,Lancaster,28.83,"317,272","49,889"
501,Nebraska,NE,Sarpy,36.42,"184,459","50,333"
502,Nebraska,NE,Scotts Bluff,25.59,"35,989","44,171"
503,Nebraska,NE,Thomas,18.44,720,"53,979"
504,Nebraska,NE,Washington,30.78,"20,667","56,640"
505,Nevada,NV,Carson City,48.39,"55,414","50,754"
506,Nevada,NV,Churchill,45.15,"24,440","43,661"
507,Nevada,NV,Clark,67.89,"2,231,647","47,090"
508,Nevada,NV,Douglas,24.64,"48,467","75,159"
509,Nevada,NV,Elko,28.23,"52,460","46,808"
510,Nevada,NV,Lyon,42.99,"55,808","38,713"
511,Nevada,NV,Nye,19.93,"45,346","37,835"
512,Nevada,NV,Washoe,54.43,"465,735","59,639"
513,Nevada,NV,White Pine,48.14,"9,475","44,736"
514,New Hampshire,NH,Belknap,31.8,"61,022","61,091"
515,New Hampshire,NH,Cheshire,34.99,"76,493","51,969"
516,New Hampshire,NH,Coos,42.0,"31,589","43,098"
517,New Hampshire,NH,Grafton,36.06,"89,786","60,426"
518,New Hampshire,NH,Hillsborough,37.77,"415,247","61,147"
519,New Hampshire,NH,Merrimack,23.16,"151,132","57,924"
520,New Hampshire,NH,Rockingham,38.78,"309,176","73,819"
521,New Jersey,NJ,Atlantic,37.69,"265,429","48,668"
522,New Jersey,NJ,Bergen,49.38,"936,692","85,951"
523,New Jersey,NJ,Camden,46.59,"507,078","54,103"
524,New Jersey,NJ,Cumberland,38.19,"150,972","40,289"
525,New Jersey,NJ,Essex,42.42,"799,767","67,459"
526,New Jersey,NJ,Gloucester,41.32,"291,408","54,745"
527,New Jersey,NJ,Hudson,45.92,"676,061","65,139"
528,New Jersey,NJ,Hunterdon,41.76,"124,714","89,610"
529,New Jersey,NJ,Mercer,43.34,"369,811","69,344"
530,New Jersey,NJ,Middlesex,42.3,"829,685","61,065"
531,New Jersey,NJ,Monmouth,36.34,"621,354","79,978"
532,New Jersey,NJ,Morris,37.86,"494,228","98,842"
533,New Jersey,NJ,Ocean,37.6,"601,651","52,008"
534,New Jersey,NJ,Passaic,39.03,"503,310","50,570"
535,New Jersey,NJ,Union,43.3,"558,067","68,262"
536,New Jersey,NJ,Warren,37.55,"105,779","56,058"
537,New Mexico,NM,Bernalillo,59.92,"678,701","44,057"
538,New Mexico,NM,Catron,10.49,"3,578","32,010"
539,New Mexico,NM,Chaves,21.84,"64,689","40,322"
540,New Mexico,NM,Eddy,55.66,"57,900","54,122"
541,New Mexico,NM,Lea,51.28,"69,611","44,437"
542,New Mexico,NM,Lincoln,12.68,"19,556","41,793"
543,New Mexico,NM,Los Alamos,12.01,"19,101","70,600"
544,New Mexico,NM,Luna,18.49,"23,963","31,140"
545,New Mexico,NM,Rio Arriba,51.05,"39,006","34,582"
546,New Mexico,NM,San Juan,56.24,"125,043","35,453"
547,New Mexico,NM,Sandoval,51.76,"145,179","41,547"
548,New Mexico,NM,Santa Fe,46.59,"150,056","58,510"
549,New Mexico,NM,Socorro,15.73,"16,735","34,699"
550,New Mexico,NM,Taos,25.85,"32,835","38,455"
551,New Mexico,NM,Valencia,50.14,"76,456","33,424"
552,New York,NY,Albany,39.82,"307,117","61,201"
553,New York,NY,Bronx,43.28,"1,432,132","37,376"
554,New York,NY,Chautauqua,39.31,"127,939","40,759"
555,New York,NY,Dutchess,32.8,"293,718","56,365"
556,New York,NY,Erie,43.13,"919,719","51,539"
557,New York,NY,Essex,42.15,"37,300","45,996"
558,New York,NY,Franklin,0.09,"50,293","37,644"
559,New York,NY,Hamilton,34.03,"4,434","54,086"
560,New York,NY,Herkimer,36.37,"61,833","41,581"
561,New York,NY,Jefferson,34.99,"111,755","46,924"
562,New York,NY,Kings,28.35,"2,582,830","52,192"
563,New York,NY,Monroe,39.5,"742,474","52,951"
564,New York,NY,Nassau,24.43,"1,358,343","89,839"
565,New York,NY,New York,45.11,"19,542,209","68,668"
566,New York,NY,New York,45.11,"19,542,209","193,940"
567,New York,NY,New York,45.11,"1,628,701","68,668"
568,New York,NY,New York,45.11,"1,628,701","193,940"
569,New York,NY,Niagara,36.85,"210,433","45,501"
570,New York,NY,Oneida,21.07,"229,577","44,697"
571,New York,NY,Onondaga,37.69,"461,809","52,886"
572,New York,NY,Orange,37.16,"381,951","51,848"
573,New York,NY,Oswego,34.73,"117,898","40,538"
574,New York,NY,Putnam,32.83,"98,892","65,833"
575,New York,NY,Queens,43.01,"2,278,906","49,777"
576,New York,NY,Richmond,40.13,"476,179","56,749"
577,New York,NY,Rockland,38.4,"325,695","60,464"
578,New York,NY,Saratoga,33.7,"230,163","67,618"
579,New York,NY,Seneca,0.2,"34,300","38,593"
580,New York,NY,St. Lawrence,27.8,"108,047","37,940"
581,New York,NY,Steuben,34.5,"95,796","45,194"
582,New York,NY,Suffolk,43.96,"1,481,093","68,617"
583,New York,NY,Tompkins,35.91,"102,793","45,282"
584,New York,NY,Wayne,39.57,"90,064","46,048"
585,New York,NY,Westchester,39.45,"967,612","108,976"
586,North Carolina,NC,Alexander,41.15,"37,353","37,438"
587,North Carolina,NC,Avery,39.02,"17,505","36,574"
588,North Carolina,NC,Beaufort,3.1,"47,079","41,643"
589,North Carolina,NC,Brunswick,8.73,"136,744","42,749"
590,North Carolina,NC,Buncombe,34.95,"259,103","48,592"
591,North Carolina,NC,Caldwell,41.1,"82,029","35,374"
592,North Carolina,NC,Carteret,38.29,"69,524","49,360"
593,North Carolina,NC,Caswell,40.59,"22,698","35,591"
594,North Carolina,NC,Catawba,33.17,"158,652","45,342"
595,North Carolina,NC,Cumberland,37.96,"332,330","38,780"
596,North Carolina,NC,Davidson,37.75,"166,614","39,087"
597,North Carolina,NC,Durham,42.07,"316,739","50,698"
598,North Carolina,NC,Edgecombe,32.38,"52,005","34,946"
599,North Carolina,NC,Forsyth,45.25,"379,099","48,804"
600,North Carolina,NC,Graham,43.68,"8,484","33,075"
601,North Carolina,NC,Granville,42.37,"60,115","38,652"
602,North Carolina,NC,Guilford,40.23,"533,670","45,875"
603,North Carolina,NC,Haywood,48.21,"61,971","40,290"
604,North Carolina,NC,Hyde,20.28,"5,230","43,490"
605,North Carolina,NC,Jackson,40.97,"43,327","32,844"
606,North Carolina,NC,Johnston,38.47,"202,675","39,922"
607,North Carolina,NC,Lee,44.91,"61,452","40,098"
608,North Carolina,NC,Lenoir,35.21,"55,976","40,922"
609,North Carolina,NC,Lincoln,41.46,"83,770","45,791"
610,North Carolina,NC,Macon,32.11,"35,285","40,057"
611,North Carolina,NC,Martin,32.52,"22,671","34,647"
612,North Carolina,NC,Mecklenburg,46.57,"1,093,901","61,137"
613,North Carolina,NC,Mitchell,23.4,"15,000","35,932"
614,North Carolina,NC,Montgomery,36.07,"27,271","35,611"
615,North Carolina,NC,New Hanover,29.03,"232,274","45,290"
616,North Carolina,NC,Person,27.42,"39,507","38,202"
617,North Carolina,NC,Pitt,36.03,"179,914","41,191"
618,North Carolina,NC,Rockingham,34.06,"90,690","37,137"
619,North Carolina,NC,Rowan,35.73,"141,262","38,089"
620,North Carolina,NC,Swain,37.13,"14,245","38,429"
621,North Carolina,NC,Union,45.82,"235,908","51,326"
622,North Carolina,NC,Wake,45.52,"1,092,305","59,014"
623,North Carolina,NC,Yancey,45.63,"17,903","36,715"
624,North Dakota,ND,Billings,37.57,919,"74,682"
625,North Dakota,ND,Burke,36.8,"2,100","63,721"
626,North Dakota,ND,Burleigh,39.41,"95,273","58,173"
627,North Dakota,ND,Cass,37.34,"181,516","56,070"
628,North Dakota,ND,Dunn,35.54,"4,332","60,338"
629,North Dakota,ND,McKenzie,38.32,"13,632","62,549"
630,North Dakota,ND,Mercer,38.57,"8,267","57,839"
631,North Dakota,ND,Oliver,39.01,"1,952","48,290"
632,North Dakota,ND,Ward,33.64,"67,744","55,214"
633,North Dakota,ND,Williams,39.77,"35,350","68,874"
634,Ohio,OH,Adams,23.9,"27,724","34,632"
635,Ohio,OH,Allen,38.38,"102,663","42,816"
636,Ohio,OH,Ashtabula,28.21,"97,493","38,461"
637,Ohio,OH,Athens,28.66,"65,818","33,274"
638,Ohio,OH,Belmont,20.19,"67,505","42,429"
639,Ohio,OH,Butler,43.94,"382,378","47,408"
640,Ohio,OH,Clark,46.16,"134,585","40,769"
641,Ohio,OH,Clermont,40.74,"205,466","53,770"
642,Ohio,OH,Clinton,43.12,"42,057","45,728"
643,Ohio,OH,Columbiana,3.19,"102,665","38,013"
644,Ohio,OH,Cuyahoga,50.15,"1,243,857","54,739"
645,Ohio,OH,Delaware,40.72,"204,826","74,093"
646,Ohio,OH,Fayette,36.16,"28,666","38,449"
647,Ohio,OH,Franklin,44.53,"1,310,300","50,443"
648,Ohio,OH,Gallia,10.46,"29,979","39,864"
649,Ohio,OH,Geauga,46.12,"94,031","69,129"
650,Ohio,OH,Greene,42.26,"167,995","50,291"
651,Ohio,OH,Hamilton,53.84,"816,684","59,561"
652,Ohio,OH,Harrison,10.03,"15,174","38,573"
653,Ohio,OH,Jefferson,47.23,"65,767","39,311"
654,Ohio,OH,Knox,42.2,"61,893","42,162"
655,Ohio,OH,Lake,40.88,"230,514","50,729"
656,Ohio,OH,Lawrence,36.93,"59,866","38,673"
657,Ohio,OH,Licking,40.98,"175,769","46,059"
658,Ohio,OH,Lorain,38.0,"309,461","46,147"
659,Ohio,OH,Lucas,42.93,"429,899","46,290"
660,Ohio,OH,Madison,42.25,"44,413","41,751"
661,Ohio,OH,Mahoning,37.82,"229,642","43,097"
662,Ohio,OH,Medina,39.46,"179,146","55,691"
663,Ohio,OH,Miami,42.4,"106,222","47,552"
664,Ohio,OH,Montgomery,44.6,"532,331","46,891"
665,Ohio,OH,Morgan,3.3,"14,604","33,180"
666,Ohio,OH,Noble,35.9,"14,354","27,211"
667,Ohio,OH,Portage,39.64,"162,927","44,055"
668,Ohio,OH,Preble,43.97,"40,997","40,607"
669,Ohio,OH,Scioto,17.9,"75,502","39,080"
670,Ohio,OH,Stark,46.66,"371,574","45,136"
671,Ohio,OH,Summit,43.04,"541,918","51,036"
672,Ohio,OH,Trumbull,40.26,"198,627","41,363"
673,Ohio,OH,Warren,43.84,"232,173","59,799"
674,Ohio,OH,Washington,40.47,"60,155","43,396"
675,Ohio,OH,Wood,41.1,"130,696","47,694"
676,Oklahoma,OK,Adair,39.63,"22,082","28,862"
677,Oklahoma,OK,Bryan,39.85,"47,192","34,575"
678,Oklahoma,OK,Canadian,40.38,"144,447","44,878"
679,Oklahoma,OK,Carter,34.03,"48,177","43,079"
680,Oklahoma,OK,Choctaw,37.01,"14,668","31,885"
681,Oklahoma,OK,Cleveland,47.83,"281,669","45,094"
682,Oklahoma,OK,Comanche,43.97,"120,422","41,497"
683,Oklahoma,OK,Creek,38.78,"71,604","40,791"
684,Oklahoma,OK,Custer,18.0,"29,036","41,652"
685,Oklahoma,OK,Dewey,45.13,"4,894","44,529"
686,Oklahoma,OK,Garfield,4.83,"60,913","44,465"
687,Oklahoma,OK,Jefferson,46.58,"6,123","32,083"
688,Oklahoma,OK,Kay,42.52,"44,161","40,881"
689,Oklahoma,OK,Le Flore,25.56,"49,980","32,677"
690,Oklahoma,OK,Love,46.19,"10,134","37,547"
691,Oklahoma,OK,Mayes,30.38,"41,107","35,197"
692,Oklahoma,OK,McClain,41.64,"39,985","45,143"
693,Oklahoma,OK,Muskogee,24.19,"68,362","36,759"
694,Oklahoma,OK,Nowata,42.41,"10,218","36,165"
695,Oklahoma,OK,Oklahoma,48.78,"3,943,079","46,233"
696,Oklahoma,OK,Oklahoma,48.78,"3,943,079","52,168"
697,Oklahoma,OK,Oklahoma,48.78,"792,582","46,233"
698,Oklahoma,OK,Oklahoma,48.78,"792,582","52,168"
699,Oklahoma,OK,Osage,40.42,"47,014","34,971"
700,Oklahoma,OK,Ottawa,45.01,"31,175","35,746"
701,Oklahoma,OK,Pittsburg,42.78,"43,877","38,551"
702,Oklahoma,OK,Sequoyah,37.12,"41,179","33,420"
703,Oklahoma,OK,Tulsa,51.92,"648,360","62,756"
704,Oklahoma,OK,Washington,43.38,"51,843","64,481"
705,Oregon,OR,Baker,28.44,"16,006","40,699"
706,Oregon,OR,Benton,18.16,"92,101","47,019"
707,Oregon,OR,Clackamas,33.89,"416,075","58,608"
708,Oregon,OR,Columbia,26.4,"52,377","44,312"
709,Oregon,OR,Crook,31.82,"23,867","40,945"
710,Oregon,OR,Deschutes,30.78,"191,996","55,143"
711,Oregon,OR,Douglas,23.35,"110,283","40,408"
712,Oregon,OR,Grant,32.36,"7,176","41,939"
713,Oregon,OR,Harney,34.3,"7,329","39,122"
714,Oregon,OR,Jackson,56.97,"219,564","46,603"
715,Oregon,OR,Jefferson,48.02,"24,192","32,962"
716,Oregon,OR,Josephine,46.56,"87,393","40,977"
717,Oregon,OR,Klamath,50.99,"67,653","39,891"
718,Oregon,OR,Lake,37.73,"7,879","39,797"
719,Oregon,OR,Lane,42.81,"379,611","45,919"
720,Oregon,OR,Linn,28.44,"127,335","42,891"
721,Oregon,OR,Marion,32.3,"346,868","43,042"
722,Oregon,OR,Multnomah,35.71,"811,880","57,850"
723,Oregon,OR,Umatilla,34.43,"77,516","39,684"
724,Oregon,OR,Union,27.16,"26,461","40,547"
725,Oregon,OR,Wallowa,24.92,"7,081","45,099"
726,Oregon,OR,Wasco,32.39,"26,505","43,658"
727,Oregon,OR,Washington,35.51,"597,695","60,971"
728,Pennsylvania,PA,Adams,42.23,"102,811","49,173"
729,Pennsylvania,PA,Allegheny,58.14,"1,218,452","62,958"
730,Pennsylvania,PA,Armstrong,39.87,"65,263","45,510"
731,Pennsylvania,PA,Beaver,48.18,"164,742","48,763"
732,Pennsylvania,PA,Berks,43.98,"420,152","49,945"
733,Pennsylvania,PA,Blair,39.43,"122,492","46,743"
734,Pennsylvania,PA,Bradford,37.2,"60,833","41,331"
735,Pennsylvania,PA,Bucks,38.14,"628,195","73,447"
736,Pennsylvania,PA,Cambria,39.16,"131,730","43,420"
737,Pennsylvania,PA,Centre,42.13,"162,805","46,193"
738,Pennsylvania,PA,Chester,41.17,"522,046","82,846"
739,Pennsylvania,PA,Clearfield,35.12,"79,388","44,421"
740,Pennsylvania,PA,Cumberland,38.56,"251,423","55,141"
741,Pennsylvania,PA,Dauphin,42.37,"277,097","51,100"
742,Pennsylvania,PA,Delaware,51.11,"564,751","66,617"
743,Pennsylvania,PA,Elk,35.93,"30,169","48,886"
744,Pennsylvania,PA,Erie,40.9,"272,061","44,903"
745,Pennsylvania,PA,Fayette,38.9,"130,441","42,649"
746,Pennsylvania,PA,Franklin,32.89,"154,835","46,403"
747,Pennsylvania,PA,Greene,37.81,"36,506","44,751"
748,Pennsylvania,PA,Indiana,37.65,"84,501","39,923"
749,Pennsylvania,PA,Lackawanna,39.13,"210,793","47,730"
750,Pennsylvania,PA,Lancaster,46.94,"543,557","52,664"
751,Pennsylvania,PA,Lawrence,34.32,"86,184","43,929"
752,Pennsylvania,PA,Lebanon,43.26,"141,314","48,352"
753,Pennsylvania,PA,Lehigh,41.82,"368,100","53,614"
754,Pennsylvania,PA,Luzerne,34.38,"317,646","45,219"
755,Pennsylvania,PA,Lycoming,33.05,"113,664","43,823"
756,Pennsylvania,PA,Mercer,42.68,"110,683","43,024"
757,Pennsylvania,PA,Monroe,37.04,"169,507","42,722"
758,Pennsylvania,PA,Montgomery,40.29,"828,604","80,606"
759,Pennsylvania,PA,Northampton,46.22,"304,807","54,859"
760,Pennsylvania,PA,Philadelphia,49.27,"1,584,138","55,747"
761,Pennsylvania,PA,Somerset,35.34,"73,952","42,179"
762,Pennsylvania,PA,Susquehanna,26.33,"40,589","45,336"
763,Pennsylvania,PA,Tioga,37.52,"40,763","41,039"
764,Pennsylvania,PA,Warren,10.3,"39,498","42,875"
765,Pennsylvania,PA,Washington,46.26,"207,346","59,568"
766,Pennsylvania,PA,Westmoreland,37.88,"350,611","52,200"
767,Pennsylvania,PA,York,41.96,"448,273","50,113"
768,Rhode Island,RI,Kent,33.16,"163,861","59,665"
769,Rhode Island,RI,Providence,44.95,"636,084","48,137"
770,Rhode Island,RI,Washington,33.29,"126,179","64,158"
771,South Carolina,SC,Aiken,38.43,"169,401","42,511"
772,South Carolina,SC,Anderson,33.42,"200,482","39,710"
773,South Carolina,SC,Berkeley,31.21,"221,091","40,415"
774,South Carolina,SC,Charleston,36.87,"405,905","61,477"
775,South Carolina,SC,Chesterfield,35.33,"45,754","31,012"
776,South Carolina,SC,Colleton,33.77,"37,660","35,697"
777,South Carolina,SC,Darlington,36.16,"66,802","37,475"
778,South Carolina,SC,Edgefield,36.82,"27,052","36,436"
779,South Carolina,SC,Florence,31.72,"138,159","41,833"
780,South Carolina,SC,Georgetown,16.1,"62,249","47,071"
781,South Carolina,SC,Greenville,39.97,"514,213","48,644"
782,South Carolina,SC,Horry,37.07,"344,147","37,091"
783,South Carolina,SC,Lexington,33.96,"295,032","46,513"
784,South Carolina,SC,Oconee,38.09,"78,374","43,312"
785,South Carolina,SC,Pickens,38.32,"124,937","38,344"
786,South Carolina,SC,Richland,39.39,"414,576","45,529"
787,South Carolina,SC,Spartanburg,38.58,"313,888","43,148"
788,South Carolina,SC,York,38.74,"274,118","46,667"
789,South Dakota,SD,Brookings,38.38,"35,232","46,302"
790,South Dakota,SD,Brown,30.26,"39,316","52,652"
791,South Dakota,SD,Codington,33.04,"28,015","49,518"
792,South Dakota,SD,Custer,41.69,"8,726","48,334"
793,South Dakota,SD,Hughes,16.64,"17,650","52,986"
794,South Dakota,SD,Jackson,40.55,"3,307","26,835"
795,South Dakota,SD,Meade,27.61,"28,294","43,015"
796,South Dakota,SD,Minnehaha,39.67,"192,876","57,223"
797,South Dakota,SD,Pennington,34.16,"111,729","51,369"
798,South Dakota,SD,Union,42.42,"15,619","107,497"
799,Tennessee,TN,Anderson,26.69,"76,482","41,853"
800,Tennessee,TN,Blount,42.79,"131,349","42,991"
801,Tennessee,TN,Claiborne,35.38,"31,756","35,384"
802,Tennessee,TN,Davidson,45.06,"692,587","66,060"
803,Tennessee,TN,DeKalb,34.54,"20,138","40,132"
804,Tennessee,TN,Dyer,30.34,"37,320","40,642"
805,Tennessee,TN,Hamilton,43.09,"364,286","51,743"
806,Tennessee,TN,Jefferson,43.49,"54,012","35,866"
807,Tennessee,TN,Knox,43.67,"465,289","49,738"
808,Tennessee,TN,Lawrence,28.72,"43,734","35,252"
809,Tennessee,TN,Loudon,36.84,"53,054","48,491"
810,Tennessee,TN,Madison,28.38,"97,605","42,720"
811,Tennessee,TN,Maury,28.95,"94,340","42,696"
812,Tennessee,TN,McMinn,30.32,"53,285","35,897"
813,Tennessee,TN,Montgomery,32.11,"205,950","41,031"
814,Tennessee,TN,Putnam,28.76,"78,843","39,509"
815,Tennessee,TN,Roane,28.39,"53,140","40,980"
816,Tennessee,TN,Sevier,45.46,"97,892","39,474"
817,Tennessee,TN,Shelby,43.91,"935,764","49,465"
818,Tennessee,TN,Sullivan,47.37,"157,668","42,606"
819,Tennessee,TN,Sumner,38.17,"187,149","48,656"
820,Tennessee,TN,Williamson,40.34,"231,729","94,872"
821,Tennessee,TN,Wilson,40.55,"140,625","49,092"
822,Texas,TX,Bell,39.53,"355,642","42,773"
823,Texas,TX,Bexar,46.82,"1,986,049","46,058"
824,Texas,TX,Bowie,37.23,"94,324","40,010"
825,Texas,TX,Brazoria,34.64,"370,200","47,239"
826,Texas,TX,Brewster,40.93,"9,267","45,652"
827,Texas,TX,Cameron,43.39,"423,908","28,756"
828,Texas,TX,Collin,41.87,"1,005,146","65,874"
829,Texas,TX,Culberson,26.22,"2,204","54,180"
830,Texas,TX,Dallas,49.51,"2,637,772","58,993"
831,Texas,TX,Denton,43.98,"859,064","55,933"
832,Texas,TX,Ector,32.79,"162,124","47,271"
833,Texas,TX,El Paso,59.55,"840,758","35,856"
834,Texas,TX,Ellis,42.8,"179,436","44,313"
835,Texas,TX,Fayette,29.16,"25,349","53,564"
836,Texas,TX,Freestone,2.05,"19,808","37,066"
837,Texas,TX,Galveston,36.9,"337,890","51,785"
838,Texas,TX,Gregg,36.63,"123,707","45,401"
839,Texas,TX,Harris,56.12,"4,698,619","56,474"
840,Texas,TX,Harrison,38.12,"66,726","41,917"
841,Texas,TX,Hidalgo,43.9,"865,939","26,410"
842,Texas,TX,Hood,37.9,"60,537","50,741"
843,Texas,TX,Howard,19.66,"36,459","40,255"
844,Texas,TX,Hunt,35.92,"96,493","38,029"
845,Texas,TX,Hutchinson,46.23,"21,198","41,550"
846,Texas,TX,Jefferson,49.18,"255,001","44,065"
847,Texas,TX,Johnson,39.99,"171,361","41,697"
848,Texas,TX,Kaufman,39.62,"128,622","42,837"
849,Texas,TX,Kleberg,40.41,"31,129","38,997"
850,Texas,TX,Lubbock,28.14,"307,412","42,569"
851,Texas,TX,Maverick,31.3,"58,485","30,505"
852,Texas,TX,McLennan,38.29,"254,607","41,254"
853,Texas,TX,Milam,0.25,"25,131","36,135"
854,Texas,TX,Montgomery,44.22,"590,925","63,605"
855,Texas,TX,Navarro,47.99,"49,565","37,922"
856,Texas,TX,Nueces,41.27,"362,265","44,378"
857,Texas,TX,Orange,46.72,"83,572","44,938"
858,Texas,TX,Parker,38.56,"138,371","53,289"
859,Texas,TX,Polk,31.64,"50,031","39,438"
860,Texas,TX,Potter,35.55,"119,648","43,945"
861,Texas,TX,Randall,47.49,"136,271","47,966"
862,Texas,TX,Robertson,1.27,"17,284","40,394"
863,Texas,TX,Rockwall,33.75,"100,657","61,003"
864,Texas,TX,Rusk,18.34,"54,450","36,485"
865,Texas,TX,Smith,37.01,"230,221","55,229"
866,Texas,TX,Tarrant,51.62,"2,084,931","51,239"
867,Texas,TX,Titus,2.65,"33,033","34,718"
868,Texas,TX,Travis,46.24,"1,248,743","67,504"
869,Texas,TX,Victoria,29.27,"92,035","46,142"
870,Texas,TX,Webb,41.6,"275,910","31,635"
871,Utah,UT,Box Elder,52.16,"54,950","37,390"
872,Utah,UT,Cache,51.02,"127,068","38,974"
873,Utah,UT,Carbon,51.78,"20,269","38,499"
874,Utah,UT,Davis,53.29,"351,713","46,286"
875,Utah,UT,Duchesne,52.54,"19,964","36,709"
876,Utah,UT,Garfield,48.77,"5,080","36,688"
877,Utah,UT,Iron,44.33,"52,775","32,197"
878,Utah,UT,Salt Lake,65.76,"1,152,633","52,639"
879,Utah,UT,San Juan,50.48,"15,449","26,638"
880,Utah,UT,Tooele,51.05,"69,907","36,836"
881,Utah,UT,Uintah,58.39,"35,438","31,563"
882,Utah,UT,Utah,55.07,"3,161,105","46,320"
883,Utah,UT,Utah,55.07,"3,161,105","40,919"
884,Utah,UT,Utah,55.07,"622,213","46,320"
885,Utah,UT,Utah,55.07,"622,213","40,919"
886,Utah,UT,Washington,48.6,"171,700","38,847"
887,Utah,UT,Wayne,12.32,"2,690","39,096"
888,Utah,UT,Weber,56.18,"256,359","41,853"
889,Vermont,VT,Bennington,36.19,"35,631","54,458"
890,Vermont,VT,Chittenden,38.52,"164,572","60,914"
891,Vermont,VT,Rutland,38.78,"58,672","52,343"
892,Vermont,VT,Windham,12.43,"42,756","50,925"
893,Virginia,VA,Arlington,37.45,"237,521","95,198"
894,Virginia,VA,Botetourt,4.27,"33,277","50,274"
895,Virginia,VA,Caroline,36.81,"30,772","41,781"
896,Virginia,VA,Chesterfield,34.66,"348,556","53,695"
897,Virginia,VA,Fauquier,33.61,"70,675","70,787"
898,Virginia,VA,Giles,39.3,"16,844","40,117"
899,Virginia,VA,Hanover,40.63,"107,239","60,259"
900,Virginia,VA,Henrico,38.12,"329,261","66,836"
901,Virginia,VA,Loudoun,34.35,"406,850","78,070"
902,Virginia,VA,Madison,39.58,"13,295","48,822"
903,Virginia,VA,Prince Edward,32.7,"22,950","31,890"
904,Virginia,VA,Roanoke,36.3,"94,073","43,451"
905,Virginia,VA,Stafford,35.25,"149,960","55,076"
906,Virginia,VA,Wythe,39.74,"28,754","35,608"
907,Washington,WA,Adams,22.05,"19,759","42,800"
908,Washington,WA,Asotin,34.14,"22,610","47,104"
909,Washington,WA,Benton,36.47,"201,877","47,465"
910,Washington,WA,Chelan,40.96,"77,036","54,763"
911,Washington,WA,Clallam,40.45,"76,737","46,120"
912,Washington,WA,Clark,34.35,"481,857","53,423"
913,Washington,WA,Columbia,24.04,"4,059","50,073"
914,Washington,WA,Cowlitz,24.57,"108,987","44,990"
915,Washington,WA,Franklin,24.31,"94,347","37,390"
916,Washington,WA,Garfield,21.36,"2,247","44,510"
917,Washington,WA,Grant,29.34,"97,331","39,789"
918,Washington,WA,Grays Harbor,24.99,"73,901","40,429"
919,Washington,WA,Jefferson,23.98,"31,729","52,580"
920,Washington,WA,King,47.55,"2,233,163","90,438"
921,Washington,WA,Kitsap,17.53,"269,805","56,244"
922,Washington,WA,Kittitas,26.8,"47,364","42,603"
923,Washington,WA,Klickitat,27.94,"22,107","48,654"
924,Washington,WA,Lewis,27.23,"79,604","43,453"
925,Washington,WA,Mason,26.15,"65,507","42,767"
926,Washington,WA,Okanogan,49.32,"42,132","42,462"
927,Washington,WA,Pierce,47.63,"891,299","52,114"
928,Washington,WA,Skagit,31.84,"128,206","53,060"
929,Washington,WA,Snohomish,32.99,"814,901","55,888"
930,Washington,WA,Spokane,42.18,"514,631","46,466"
931,Washington,WA,Stevens,41.42,"45,260","39,505"
932,Washington,WA,Thurston,29.7,"286,419","51,684"
933,Washington,WA,Walla Walla,26.25,"60,922","46,144"
934,Washington,WA,Whatcom,44.55,"225,685","48,792"
935,Washington,WA,Whitman,24.26,"49,791","40,935"
936,Washington,WA,Yakima,45.21,"251,446","43,379"
937,West Virginia,WV,Berkeley,37.19,"117,123","41,201"
938,West Virginia,WV,Brooke,25.81,"22,203","41,740"
939,West Virginia,WV,Cabell,38.29,"93,224","42,939"
940,West Virginia,WV,Gilmer,30.15,"8,026","28,917"
941,West Virginia,WV,Greenbrier,36.95,"34,786","38,098"
942,West Virginia,WV,Hancock,32.06,"29,094","42,128"
943,West Virginia,WV,Harrison,29.42,"67,554","48,226"
944,West Virginia,WV,Kanawha,39.47,"180,454","48,435"
945,West Virginia,WV,Marion,30.76,"56,097","41,980"
946,West Virginia,WV,Marshall,27.24,"30,785","41,028"
947,West Virginia,WV,Mason,7.66,"26,718","33,318"
948,West Virginia,WV,Mineral,17.98,"26,940","38,815"
949,West Virginia,WV,Monongalia,30.78,"106,420","44,679"
950,West Virginia,WV,Ohio,40.01,"41,755","65,100"
951,West Virginia,WV,Tucker,35.38,"6,955","41,322"
952,West Virginia,WV,Wood,29.8,"84,203","42,669"
953,Wisconsin,WI,Ashland,36.17,"15,600","41,106"
954,Wisconsin,WI,Brown,37.71,"263,378","52,821"
955,Wisconsin,WI,Columbia,40.5,"57,358","51,147"
956,Wisconsin,WI,Dane,42.7,"542,364","61,304"
957,Wisconsin,WI,Dodge,43.55,"87,847","44,799"
958,Wisconsin,WI,Door,40.68,"27,610","63,178"
959,Wisconsin,WI,Eau Claire,41.49,"104,534","48,240"
960,Wisconsin,WI,Fond du Lac,40.45,"103,066","48,126"
961,Wisconsin,WI,Forest,38.13,"8,991","41,517"
962,Wisconsin,WI,Grant,33.89,"51,554","43,310"
963,Wisconsin,WI,Jefferson,41.19,"85,129","46,241"
964,Wisconsin,WI,Kenosha,45.8,"169,290","46,874"
965,Wisconsin,WI,Kewaunee,43.6,"20,383","46,197"
966,Wisconsin,WI,La Crosse,39.35,"118,230","50,107"
967,Wisconsin,WI,Manitowoc,42.93,"79,074","47,675"
968,Wisconsin,WI,Marathon,39.0,"135,428","50,111"
969,Wisconsin,WI,Milwaukee,46.47,"948,201","47,589"
970,Wisconsin,WI,Oneida,4.67,"35,470","51,715"
971,Wisconsin,WI,Outagamie,41.97,"187,365","51,230"
972,Wisconsin,WI,Ozaukee,42.04,"89,147","83,992"
973,Wisconsin,WI,Racine,46.98,"196,584","49,749"
974,Wisconsin,WI,Rock,40.91,"163,129","44,204"
975,Wisconsin,WI,Sauk,39.22,"64,249","48,365"
976,Wisconsin,WI,Sheboygan,48.17,"115,456","52,851"
977,Wisconsin,WI,Taylor,39.78,"20,412","39,051"
978,Wisconsin,WI,Vilas,33.65,"21,938","53,983"
979,Wisconsin,WI,Walworth,41.92,"103,718","50,023"
980,Wisconsin,WI,Waukesha,42.64,"403,072","72,650"
981,Wyoming,WY,Albany,51.43,"38,601","40,444"
982,Wyoming,WY,Big Horn,39.39,"11,881","36,903"
983,Wyoming,WY,Campbell,45.22,"46,140","52,824"
984,Wyoming,WY,Carbon,42.96,"14,971","58,372"
985,Wyoming,WY,Converse,42.33,"13,640","55,011"
986,Wyoming,WY,Fremont,49.96,"39,531","43,633"
987,Wyoming,WY,Johnson,40.38,"8,460","51,314"
988,Wyoming,WY,Laramie,44.33,"98,976","52,039"
989,Wyoming,WY,Lincoln,20.89,"19,434","43,049"
990,Wyoming,WY,Natrona,44.33,"79,115","69,379"
991,Wyoming,WY,Park,29.52,"29,324","54,308"
992,Wyoming,WY,Platte,17.57,"8,566","48,442"
993,Wyoming,WY,Sheridan,46.85,"30,233","58,223"
994,Wyoming,WY,Sublette,51.16,"9,813","51,361"
995,Wyoming,WY,Sweetwater,52.8,"43,051","53,145"
996,Wyoming,WY,Teton,45.86,"23,081","251,728"
997,Wyoming,WY,Uinta,45.27,"20,299","40,280"
998,Wyoming,WY,Weston,39.93,"6,967","44,737"
